Category,Keyword,Monthly Search Volume,Keyword Difficulty,Current Rank,Target Rank,Page Target,User Intent,Priority,Estimated Traffic Potential,Competition Level,CPC (USD),Notes
High-Intent Commercial,bangladesh garment manufacturer,2900,45,Not Ranking,Top 5,/,Transactional,P0,580,Medium,2.40,Primary homepage keyword
High-Intent Commercial,woven garment supplier bangladesh,1600,38,Not Ranking,Top 5,/products,Transactional,P0,320,Medium,2.10,Main products page
High-Intent Commercial,denim manufacturer bangladesh,1300,42,Not Ranking,Top 5,/products/denims,Transactional,P0,260,Medium,2.30,Denim category page
High-Intent Commercial,textile exporter chittagong,880,35,Not Ranking,Top 3,/,Transactional,P0,264,Low,1.80,Geographic targeting
High-Intent Commercial,sustainable textile manufacturer,2400,52,Not Ranking,Top 10,/sustainability,Informational,P0,240,High,3.10,Sustainability focus
High-Intent Commercial,kidswear manufacturer bangladesh,590,33,Not Ranking,Top 5,/products/kids,Transactional,P1,118,Low,1.95,Kids category
High-Intent Commercial,bangladesh rmg factory,720,40,Not Ranking,Top 5,/manufacturing,Informational,P1,144,Medium,2.20,Manufacturing page
High-Intent Commercial,ethical garment supplier,1100,48,Not Ranking,Top 10,/sustainability,Transactional,P1,110,Medium,2.80,Ethics angle
Long-Tail Commercial,bangladesh garment factory minimum order,320,25,Not Ranking,Top 3,/products,Transactional,P1,96,Low,1.50,FAQ content needed
Long-Tail Commercial,sustainable denim production bangladesh,210,28,Not Ranking,Top 3,/sustainability,Informational,P1,63,Low,1.70,Blog opportunity
Long-Tail Commercial,chittagong textile factory tour,150,18,Not Ranking,Top 1,/manufacturing,Informational,P2,75,Very Low,0.80,Virtual tour feature
Long-Tail Commercial,woven apparel lead time bangladesh,180,22,Not Ranking,Top 3,/products,Transactional,P1,54,Low,1.40,Product specs page
Long-Tail Commercial,oeko tex certified manufacturer bangladesh,260,30,Not Ranking,Top 3,/sustainability,Transactional,P1,78,Low,1.90,Certification page
Long-Tail Commercial,bangladesh kids clothing exporter,190,26,Not Ranking,Top 3,/products/kids,Transactional,P1,57,Low,1.60,Kids export focus
Long-Tail Commercial,garment compliance certificates bangladesh,340,32,Not Ranking,Top 5,/company/governance,Informational,P1,68,Medium,1.85,Compliance section
Long-Tail Commercial,textile stock investment bangladesh,410,35,Not Ranking,Top 5,/investors,Transactional,P2,82,Medium,2.50,IR section
Long-Tail Commercial,bangladesh denim washing techniques,170,24,Not Ranking,Top 3,/products/denims,Informational,P2,51,Low,1.20,Technical content
Long-Tail Commercial,rmg manufacturing capacity bangladesh,230,28,Not Ranking,Top 3,/manufacturing,Informational,P1,69,Low,1.55,Capacity details
Long-Tail Commercial,sustainable cotton supplier bangladesh,195,31,Not Ranking,Top 5,/sustainability,Transactional,P2,39,Medium,1.75,Material sourcing
Long-Tail Commercial,bangladesh garment export process,280,29,Not Ranking,Top 5,/contact,Informational,P2,56,Low,1.45,Export guide blog
Informational Keywords,how to source garments from bangladesh,880,35,Not Ranking,Top 5,/blog,Informational,P0,176,Medium,1.20,Buyer guide blog
Informational Keywords,bangladesh textile industry overview,1200,42,Not Ranking,Top 5,/blog,Informational,P0,240,Medium,0.95,Industry analysis
Informational Keywords,sustainable fashion manufacturing process,1600,48,Not Ranking,Top 10,/blog,Informational,P0,160,High,1.80,Sustainability guide
Informational Keywords,garment production lead times explained,590,30,Not Ranking,Top 5,/blog,Informational,P1,118,Low,0.85,Production timeline
Informational Keywords,textile compliance certifications guide,720,38,Not Ranking,Top 5,/blog,Informational,P1,144,Medium,1.10,Certification guide
Informational Keywords,bangladesh vs china garment manufacturing,940,45,Not Ranking,Top 5,/blog,Informational,P0,188,Medium,1.40,Comparison article
Informational Keywords,woven vs knit garment differences,2100,28,Not Ranking,Top 10,/blog,Informational,P2,210,Low,0.70,Educational content
Informational Keywords,denim washing techniques,1800,40,Not Ranking,Top 10,/blog,Informational,P2,180,Medium,1.15,Technical guide
Informational Keywords,garment manufacturing process steps,1400,38,Not Ranking,Top 10,/blog,Informational,P1,140,Medium,0.90,Process explanation
Informational Keywords,sustainable textile certifications list,640,36,Not Ranking,Top 5,/blog,Informational,P1,128,Medium,1.05,Certification list
Informational Keywords,bangladesh garment industry statistics,890,40,Not Ranking,Top 5,/blog,Informational,P1,178,Medium,0.80,Data-driven article
Informational Keywords,textile quality control methods,760,34,Not Ranking,Top 5,/blog,Informational,P2,152,Low,0.95,QC procedures
Informational Keywords,garment sourcing checklist,520,32,Not Ranking,Top 3,/blog,Informational,P1,156,Low,1.00,Buyer resource
Informational Keywords,sustainable denim alternatives,430,38,Not Ranking,Top 5,/blog,Informational,P2,86,Medium,1.25,Innovation content
Informational Keywords,bangladesh labor laws garment industry,380,35,Not Ranking,Top 5,/blog,Informational,P2,76,Medium,0.75,Compliance content
Brand Keywords,kattali textile,720,5,Position 1,Position 1,/,Navigational,P0,720,Very Low,0.00,Brand protection
Brand Keywords,ktl bangladesh,340,8,Position 2,Position 1,/,Navigational,P0,340,Very Low,0.00,Brand variation
Brand Keywords,kattali textile limited,180,6,Position 1,Position 1,/,Navigational,P0,180,Very Low,0.00,Full legal name
Brand Keywords,ktl garments,120,10,Not Ranking,Position 1,/,Navigational,P1,120,Very Low,0.00,Brand + product
Brand Keywords,kattali textile chittagong,90,8,Position 2,Position 1,/,Navigational,P1,90,Very Low,0.00,Brand + location
Competitor Keywords,dbl group bangladesh,890,42,Not Ranking,Top 20,/blog,Informational,P2,45,High,1.50,Competitive content
Competitor Keywords,beximco textiles,680,40,Not Ranking,Top 20,/blog,Informational,P2,34,High,1.35,Competitive content
Competitor Keywords,square textiles bangladesh,420,38,Not Ranking,Top 20,/blog,Informational,P3,21,High,1.20,Competitive content
Competitor Keywords,best garment manufacturers bangladesh,540,44,Not Ranking,Top 10,/,Transactional,P1,54,High,2.10,Ranking opportunity
Competitor Keywords,top 10 textile companies bangladesh,390,40,Not Ranking,Top 10,/blog,Informational,P2,39,High,0.90,List article
Local Keywords,garment factory chittagong,280,25,Not Ranking,Top 3,/manufacturing,Transactional,P1,84,Low,1.40,Local SEO
Local Keywords,chittagong exporter list,175,22,Not Ranking,Top 3,/,Informational,P1,70,Low,1.60,List-based local search
Local Keywords,chittagong garments factory list,150,20,Not Ranking,Top 3,/facilities/rmg,Informational,P1,60,Low,1.45,Factory directory list
Local Keywords,garments factory in chittagong,225,24,Not Ranking,Top 3,/facilities/rmg,Transactional,P1,90,Low,1.50,Local factory search
Local Keywords,woven textile company in chittagong,125,20,Not Ranking,Top 3,/products,Transactional,P1,50,Low,1.55,Local company search
Local Keywords,textile manufacturer hathazari,45,15,Not Ranking,Top 1,/,Transactional,P2,23,Very Low,0.60,Hyperlocal
Local Keywords,rmg factory kattali,35,12,Not Ranking,Top 1,/,Transactional,P2,18,Very Low,0.50,Hyperlocal
Local Keywords,chittagong denim factory,120,22,Not Ranking,Top 3,/products/denims,Transactional,P2,36,Low,1.10,Local + product
Local Keywords,bangladesh garment jobs chittagong,380,28,Not Ranking,Top 5,/careers,Transactional,P2,76,Low,0.40,Career page
Investor Keywords,kattali textile share price,890,20,Not Ranking,Top 1,/investors/stock,Transactional,P0,890,Low,0.00,IR priority
Investor Keywords,ktl stock bangladesh,340,18,Not Ranking,Top 1,/investors/stock,Transactional,P0,340,Low,0.00,Stock info
Investor Keywords,kattali textile financial results,210,22,Not Ranking,Top 1,/investors/reports,Informational,P0,210,Low,0.00,Financial reports
Investor Keywords,dse kattali textile,180,15,Not Ranking,Top 1,/investors,Informational,P0,180,Very Low,0.00,Stock exchange
Investor Keywords,bangladesh textile stock,620,32,Not Ranking,Top 10,/investors,Transactional,P1,62,Medium,0.80,Industry investors
Product-Specific,men's woven pants manufacturer,190,30,Not Ranking,Top 5,/products,Transactional,P2,38,Low,1.85,Product specific
Product-Specific,denim jeans factory bangladesh,280,35,Not Ranking,Top 5,/products/denims,Transactional,P1,56,Medium,2.00,Jeans focus
Product-Specific,kids clothing manufacturer bangladesh,320,32,Not Ranking,Top 5,/products/kids,Transactional,P1,64,Low,1.75,Children's wear
Product-Specific,school uniform manufacturer,410,36,Not Ranking,Top 10,/products/uniforms,Transactional,P2,41,Medium,1.90,Uniform category
Product-Specific,sustainable children's clothing supplier,240,40,Not Ranking,Top 10,/products/kids,Transactional,P2,24,Medium,2.20,Eco kids focus
Product-Specific,organic cotton garments bangladesh,350,38,Not Ranking,Top 10,/sustainability,Transactional,P2,35,Medium,2.10,Organic materials
Product-Specific,custom denim manufacturing,540,42,Not Ranking,Top 10,/products/denims,Transactional,P1,54,High,2.60,Custom service
Product-Specific,private label clothing manufacturer,1800,55,Not Ranking,Top 20,/work-with-us/buyers,Transactional,P1,90,Very High,3.40,Private label
Technical Keywords,aql 2.5 garment inspection,180,28,Not Ranking,Top 5,/manufacturing,Informational,P2,36,Low,0.95,Quality standards
Technical Keywords,garment cmpt calculation,140,25,Not Ranking,Top 5,/blog,Informational,P3,28,Low,0.70,Technical blog
Technical Keywords,fabric gsm meaning,2400,22,Not Ranking,Top 20,/blog,Informational,P3,120,Low,0.55,Educational
Technical Keywords,fob price garment,890,30,Not Ranking,Top 10,/blog,Informational,P2,89,Low,0.85,Pricing guide